{"cameraMode":{"drawMode":0,"name":"Shaded","section":"Shading Mode"},"sceneLighting":false,"audioPlay":false,"sceneViewState":{"m_AlwaysRefresh":false,"showFog":true,"showSkybox":false,"showFlares":true,"showImageEffects":true,"showParticleSystems":true,"showVisualEffectGraphs":true,"m_FxEnabled":true},"in2DMode":false,"pivot":{"x":-0.24771036207675935,"y":-0.35786008834838869,"z":2.5752811431884767},"rotation":{"x":0.05996318534016609,"y":0.005388294812291861,"z":-0.0003238091594539583,"w":0.9981870651245117},"size":1.6913808584213257,"orthographic":true}