{"cameraMode":{"drawMode":0,"name":"Shaded","section":"Shading Mode"},"sceneLighting":false,"audioPlay":false,"sceneViewState":{"m_AlwaysRefresh":false,"showFog":true,"showSkybox":false,"showFlares":true,"showImageEffects":true,"showParticleSystems":true,"showVisualEffectGraphs":true,"m_FxEnabled":true},"in2DMode":false,"pivot":{"x":1.6754498481750489,"y":-4.561895847320557,"z":6.125026226043701},"rotation":{"x":0.2559117078781128,"y":-0.027546454221010209,"z":0.007295460440218449,"w":0.9662801623344421},"size":8.654272079467774,"orthographic":false}