{"cameraMode":{"drawMode":0,"name":"Shaded","section":"Shading Mode"},"sceneLighting":false,"audioPlay":false,"sceneViewState":{"m_AlwaysRefresh":false,"showFog":true,"showSkybox":false,"showFlares":true,"showImageEffects":true,"showParticleSystems":true,"showVisualEffectGraphs":true,"m_FxEnabled":true},"in2DMode":false,"pivot":{"x":0.20452213287353517,"y":1.7793431282043458,"z":12.35909366607666},"rotation":{"x":0.20894303917884828,"y":-0.060099564492702487,"z":0.012866153381764889,"w":0.9759961366653442},"size":5.385365009307861,"orthographic":false}