{"cameraMode":{"drawMode":0,"name":"Shaded","section":"Shading Mode"},"sceneLighting":false,"audioPlay":false,"sceneViewState":{"m_AlwaysRefresh":false,"showFog":true,"showSkybox":false,"showFlares":true,"showImageEffects":true,"showParticleSystems":true,"showVisualEffectGraphs":true,"m_FxEnabled":true},"in2DMode":false,"pivot":{"x":1.0048669576644898,"y":2.7443244457244875,"z":1.7727227210998536},"rotation":{"x":0.17359410226345063,"y":-0.0678933709859848,"z":0.011996529996395111,"w":0.9824060201644898},"size":6.701930999755859,"orthographic":false}