{"cameraMode":{"drawMode":0,"name":"Shaded","section":"Shading Mode"},"sceneLighting":false,"audioPlay":false,"sceneViewState":{"m_AlwaysRefresh":false,"showFog":true,"showSkybox":false,"showFlares":true,"showImageEffects":true,"showParticleSystems":true,"showVisualEffectGraphs":true,"m_FxEnabled":true},"in2DMode":false,"pivot":{"x":2.1170029640197756,"y":0.26779651641845705,"z":-2.0700855255126955},"rotation":{"x":0.30775055289268496,"y":0.01997915841639042,"z":-0.006464436184614897,"w":0.9512416124343872},"size":7.17806339263916,"orthographic":false}