{"cameraMode":{"drawMode":0,"name":"Shaded","section":"Shading Mode"},"sceneLighting":false,"audioPlay":false,"sceneViewState":{"m_AlwaysRefresh":false,"showFog":true,"showSkybox":false,"showFlares":true,"showImageEffects":true,"showParticleSystems":true,"showVisualEffectGraphs":true,"m_FxEnabled":true},"in2DMode":false,"pivot":{"x":0.24519404768943788,"y":-0.5282135009765625,"z":17.720190048217775},"rotation":{"x":0.23711557686328889,"y":0.004371634218841791,"z":-0.0010670265182852746,"w":0.9714712500572205},"size":9.385398864746094,"orthographic":false}