{"cameraMode":{"drawMode":0,"name":"Shaded","section":"Shading Mode"},"sceneLighting":false,"audioPlay":false,"sceneViewState":{"m_AlwaysRefresh":false,"showFog":true,"showSkybox":false,"showFlares":true,"showImageEffects":true,"showParticleSystems":true,"showVisualEffectGraphs":true,"m_FxEnabled":true},"in2DMode":false,"pivot":{"x":-0.018412113189697267,"y":0.04400181770324707,"z":4.44041633605957},"rotation":{"x":0.08380230516195297,"y":-0.04841193929314613,"z":0.004076115321367979,"w":0.9952988028526306},"size":5.923239707946777,"orthographic":false}