{"cameraMode":{"drawMode":0,"name":"Shaded","section":"Shading Mode"},"sceneLighting":false,"audioPlay":false,"sceneViewState":{"m_AlwaysRefresh":false,"showFog":true,"showSkybox":false,"showFlares":true,"showImageEffects":true,"showParticleSystems":true,"showVisualEffectGraphs":true,"m_FxEnabled":true},"in2DMode":false,"pivot":{"x":0.012741565704345703,"y":1.8991622924804688,"z":16.407434463500978},"rotation":{"x":0.38427019119262698,"y":0.4606950283050537,"z":-0.2311263382434845,"w":0.7659487128257752},"size":8.208186149597168,"orthographic":false}