{"cameraMode":{"drawMode":0,"name":"Shaded","section":"Shading Mode"},"sceneLighting":false,"audioPlay":false,"sceneViewState":{"m_AlwaysRefresh":false,"showFog":true,"showSkybox":false,"showFlares":true,"showImageEffects":true,"showParticleSystems":true,"showVisualEffectGraphs":true,"m_FxEnabled":true},"in2DMode":false,"pivot":{"x":9.453205108642579,"y":5.3571929931640629,"z":5.814217567443848},"rotation":{"x":0.16868655383586884,"y":-0.005913970991969109,"z":0.0010121309896931053,"w":0.9856515526771545},"size":19.07706642150879,"orthographic":false}