{"cameraMode":{"drawMode":0,"name":"Shaded","section":"Shading Mode"},"sceneLighting":false,"audioPlay":false,"sceneViewState":{"m_AlwaysRefresh":false,"showFog":true,"showSkybox":false,"showFlares":true,"showImageEffects":true,"showParticleSystems":true,"showVisualEffectGraphs":true,"m_FxEnabled":true},"in2DMode":false,"pivot":{"x":2.5943422317504885,"y":-1.2726483345031739,"z":5.750912666320801},"rotation":{"x":0.16127946972846986,"y":0.013323594816029072,"z":-0.0021804876159876587,"w":0.9868252873420715},"size":9.020915031433106,"orthographic":false}