{"cameraMode":{"drawMode":0,"name":"Shaded","section":"Shading Mode"},"sceneLighting":false,"audioPlay":false,"sceneViewState":{"m_AlwaysRefresh":false,"showFog":true,"showSkybox":false,"showFlares":true,"showImageEffects":true,"showParticleSystems":true,"showVisualEffectGraphs":true,"m_FxEnabled":true},"in2DMode":false,"pivot":{"x":-0.03471565246582031,"y":-0.0005004405975341797,"z":10.297832489013672},"rotation":{"x":0.15979565680027009,"y":0.014807436615228653,"z":-0.002400195924565196,"w":0.9870451092720032},"size":30.902658462524415,"orthographic":false}