{"cameraMode":{"drawMode":0,"name":"Shaded","section":"Shading Mode"},"sceneLighting":false,"audioPlay":false,"sceneViewState":{"m_AlwaysRefresh":false,"showFog":true,"showSkybox":false,"showFlares":true,"showImageEffects":true,"showParticleSystems":true,"showVisualEffectGraphs":true,"m_FxEnabled":true},"in2DMode":false,"pivot":{"x":0.22116875648498536,"y":1.4117480516433716,"z":8.54746150970459},"rotation":{"x":0.04797662794589996,"y":-0.014381005428731442,"z":0.0006908190553076565,"w":0.9987449049949646},"size":8.67351245880127,"orthographic":false}