{"cameraMode":{"drawMode":0,"name":"Shaded","section":"Shading Mode"},"sceneLighting":false,"audioPlay":false,"sceneViewState":{"m_AlwaysRefresh":false,"showFog":true,"showSkybox":false,"showFlares":true,"showImageEffects":true,"showParticleSystems":true,"showVisualEffectGraphs":true,"m_FxEnabled":true},"in2DMode":false,"pivot":{"x":0.5325164794921875,"y":-5.5885820388793949,"z":14.054866790771485},"rotation":{"x":0.259456604719162,"y":-0.016801204532384874,"z":0.004514639265835285,"w":0.9655991196632385},"size":10.887388229370118,"orthographic":false}