{"cameraMode":{"drawMode":0,"name":"Shaded","section":"Shading Mode"},"sceneLighting":false,"audioPlay":false,"sceneViewState":{"m_AlwaysRefresh":false,"showFog":true,"showSkybox":false,"showFlares":true,"showImageEffects":true,"showParticleSystems":true,"showVisualEffectGraphs":true,"m_FxEnabled":true},"in2DMode":false,"pivot":{"x":1.2431296110153199,"y":0.5568119287490845,"z":7.821308135986328},"rotation":{"x":0.05245804041624069,"y":0.02606300450861454,"z":-0.0013695599045604468,"w":0.9982823133468628},"size":7.160414695739746,"orthographic":false}