{"cameraMode":{"drawMode":0,"name":"Shaded","section":"Shading Mode"},"sceneLighting":false,"audioPlay":false,"sceneViewState":{"m_AlwaysRefresh":false,"showFog":true,"showSkybox":false,"showFlares":true,"showImageEffects":true,"showParticleSystems":true,"showVisualEffectGraphs":true,"m_FxEnabled":true},"in2DMode":false,"pivot":{"x":7.183135032653809,"y":-0.7012605667114258,"z":9.284610748291016},"rotation":{"x":-0.12268049269914627,"y":-0.01398567482829094,"z":0.0017240274464711547,"w":-0.9923604130744934},"size":18.371173858642579,"orthographic":false}