{"cameraMode":{"drawMode":0,"name":"Shaded","section":"Shading Mode"},"sceneLighting":false,"audioPlay":false,"sceneViewState":{"m_AlwaysRefresh":false,"showFog":true,"showSkybox":false,"showFlares":true,"showImageEffects":true,"showParticleSystems":true,"showVisualEffectGraphs":true,"m_FxEnabled":true},"in2DMode":false,"pivot":{"x":-0.6778774261474609,"y":0.38199329376220705,"z":18.492904663085939},"rotation":{"x":0.215254008769989,"y":-0.32513362169265749,"z":0.07626447081565857,"w":0.9176798462867737},"size":21.06707763671875,"orthographic":false}