{"cameraMode":{"drawMode":0,"name":"Shaded","section":"Shading Mode"},"sceneLighting":false,"audioPlay":false,"sceneViewState":{"m_AlwaysRefresh":false,"showFog":true,"showSkybox":false,"showFlares":true,"showImageEffects":true,"showParticleSystems":true,"showVisualEffectGraphs":true,"m_FxEnabled":true},"in2DMode":false,"pivot":{"x":3.491433620452881,"y":1.7792479991912842,"z":-2.434640884399414},"rotation":{"x":0.11165858060121536,"y":-0.010434138588607312,"z":0.0011724559590220452,"w":0.9936907887458801},"size":5.352575778961182,"orthographic":false}