{"cameraMode":{"drawMode":0,"name":"Shaded","section":"Shading Mode"},"sceneLighting":false,"audioPlay":false,"sceneViewState":{"m_AlwaysRefresh":false,"showFog":true,"showSkybox":false,"showFlares":true,"showImageEffects":true,"showParticleSystems":true,"showVisualEffectGraphs":true,"m_FxEnabled":true},"in2DMode":false,"pivot":{"x":3.0626845359802248,"y":-1.223769187927246,"z":7.900142669677734},"rotation":{"x":0.1695733219385147,"y":-0.004434543661773205,"z":0.000762161856982857,"w":0.9855125546455383},"size":13.71509075164795,"orthographic":false}