{"cameraMode":{"drawMode":0,"name":"Shaded","section":"Shading Mode"},"sceneLighting":false,"audioPlay":false,"sceneViewState":{"m_AlwaysRefresh":false,"showFog":true,"showSkybox":false,"showFlares":true,"showImageEffects":true,"showParticleSystems":true,"showVisualEffectGraphs":true,"m_FxEnabled":true},"in2DMode":false,"pivot":{"x":4.894403457641602,"y":-0.2491004467010498,"z":10.017801284790039},"rotation":{"x":0.29064294695854189,"y":-0.0014351021964102984,"z":0.0004349458613432944,"w":0.9568356275558472},"size":36.65814971923828,"orthographic":false}