{"cameraMode":{"drawMode":0,"name":"Shaded","section":"Shading Mode"},"sceneLighting":true,"audioPlay":false,"sceneViewState":{"m_AlwaysRefresh":false,"showFog":true,"showSkybox":true,"showFlares":true,"showImageEffects":true,"showParticleSystems":true,"showVisualEffectGraphs":true,"m_FxEnabled":true},"in2DMode":false,"pivot":{"x":1.598362684249878,"y":10.358967781066895,"z":-14.99197006225586},"rotation":{"x":0.29415979981422427,"y":-0.055870961397886279,"z":0.01723012514412403,"w":0.9539721012115479},"size":3.6244192123413088,"orthographic":false}