{"cameraMode":{"drawMode":0,"name":"Shaded","section":"Shading Mode"},"sceneLighting":true,"audioPlay":false,"sceneViewState":{"m_AlwaysRefresh":false,"showFog":true,"showSkybox":true,"showFlares":true,"showImageEffects":true,"showParticleSystems":true,"showVisualEffectGraphs":true,"m_FxEnabled":true},"in2DMode":false,"pivot":{"x":0.12248247861862183,"y":1.2254877090454102,"z":-0.7970304489135742},"rotation":{"x":0.171317920088768,"y":-0.1017720103263855,"z":0.017796505242586137,"w":0.9797888994216919},"size":1.8769112825393677,"orthographic":false}