{"cameraMode":{"drawMode":0,"name":"Shaded","section":"Shading Mode"},"sceneLighting":true,"audioPlay":false,"sceneViewState":{"m_AlwaysRefresh":false,"showFog":true,"showSkybox":true,"showFlares":true,"showImageEffects":true,"showParticleSystems":true,"showVisualEffectGraphs":true,"m_FxEnabled":true},"in2DMode":false,"pivot":{"x":-0.4209650754928589,"y":1.0796822309494019,"z":0.49249267578125},"rotation":{"x":0.2962449789047241,"y":0.028647834435105325,"z":-0.008890017867088318,"w":0.9546413421630859},"size":3.7106261253356935,"orthographic":true}