{"cameraMode":{"drawMode":0,"name":"Shaded","section":"Shading Mode"},"sceneLighting":true,"audioPlay":false,"sceneViewState":{"m_AlwaysRefresh":false,"showFog":true,"showSkybox":true,"showFlares":true,"showImageEffects":true,"showParticleSystems":true,"showVisualEffectGraphs":true,"m_FxEnabled":true},"in2DMode":false,"pivot":{"x":2.0926389694213869,"y":10.450224876403809,"z":252.90745544433595},"rotation":{"x":0.2587525546550751,"y":0.14708822965621949,"z":-0.0399010069668293,"w":0.9538463950157166},"size":8.525056838989258,"orthographic":false}