{"cameraMode":{"drawMode":0,"name":"Shaded","section":"Shading Mode"},"sceneLighting":true,"audioPlay":false,"sceneViewState":{"m_AlwaysRefresh":false,"showFog":true,"showSkybox":true,"showFlares":true,"showImageEffects":true,"showParticleSystems":true,"showVisualEffectGraphs":true,"m_FxEnabled":true},"in2DMode":false,"pivot":{"x":1.3095707893371583,"y":0.25303781032562258,"z":1.1627473831176758},"rotation":{"x":0.07635733485221863,"y":0.9172906279563904,"z":-0.21429364383220673,"w":0.3268512785434723},"size":6.428830146789551,"orthographic":false}