{"cameraMode":{"drawMode":0,"name":"Shaded","section":"Shading Mode"},"sceneLighting":true,"audioPlay":false,"sceneViewState":{"m_AlwaysRefresh":false,"showFog":true,"showSkybox":true,"showFlares":true,"showImageEffects":true,"showParticleSystems":true,"showVisualEffectGraphs":true,"m_FxEnabled":true},"in2DMode":false,"pivot":{"x":-0.16536164283752442,"y":1.0210061073303223,"z":0.6430158615112305},"rotation":{"x":0.346624493598938,"y":-0.06660892069339752,"z":0.024691082537174226,"w":0.9353241920471191},"size":6.253227710723877,"orthographic":false}