{"cameraMode":{"drawMode":0,"name":"Shaded","section":"Shading Mode"},"sceneLighting":false,"audioPlay":false,"sceneViewState":{"m_AlwaysRefresh":false,"showFog":true,"showSkybox":false,"showFlares":true,"showImageEffects":true,"showParticleSystems":true,"showVisualEffectGraphs":true,"m_FxEnabled":true},"in2DMode":false,"pivot":{"x":1.7930490970611573,"y":-31.372833251953126,"z":66.39700317382813},"rotation":{"x":0.26181739568710329,"y":-0.0020209508948028089,"z":0.0005505324807018042,"w":0.9651309251785278},"size":49.25136184692383,"orthographic":false}